order;NL;kw;la
69;[116, 120, 129];2;4.8508114947
95;[6, 7, 36, 65];6;6.2364964712
105;[16, 137, 138, 183, 197];9;6.2364964712
108;[6, 15, 16, 27, 28, 35, 36, 40, 60, 63, 64, 75, 84, 90, 91, 96, 100, 106, 107, 113, 115, 126];45;2.6935980646
114;[13, 42, 123, 134, 311];7;5.0049621746
