order;NL;kw;la
69;[116, 120, 129];2;4.8508114947
108;[6, 15, 16, 27, 28, 35, 36, 40, 60, 63, 64, 75, 84, 90, 91, 96, 100, 106, 107, 113, 115, 126];45;2.6935980646
119;[22, 23, 157, 161, 163];7;5.0049621746
123;[3, 27, 85, 114, 120];9;6.2364964712
124;[0, 1, 130, 278, 317];7;5.0049621746
125;[3, 7, 47, 84];5;5.7671022266
