order;NL;kw;la
69;[116, 120, 129];2;4.8508114947
128;[8, 140, 171, 286, 312];7;5.0049621746
140;[30, 160, 175, 177, 190, 205, 301, 323];18;4.7454509791
148;[9, 140, 149, 280, 292];8;5.5439586753
153;[8, 132, 141, 143, 144, 165, 271, 275, 280, 284, 300, 304];27;3.789939534
154;[17, 104, 242, 297];5;5.7671022266
155;[6, 40, 65, 75];6;6.2364964712
