order;NL;kw;la
69;[116, 120, 129];2;4.8508114947
162;[3, 46, 47, 114];6;6.2364964712
167;[29, 76, 77, 162, 174, 192];11;5.1692652258
168;[20, 26, 101, 108, 152, 154, 166, 317];22;5.4569472983
170;[7, 41, 46, 91, 96, 106];14;6.2364964712
173;[5, 137, 138, 197];6;6.2364964712
174;[51, 61, 66, 97, 99, 125, 169, 173, 176, 186, 200, 230, 270, 316];27;3.2946180968
