order;NL;kw;la
69;[116, 120, 129];2;4.8508114947
167;[29, 76, 77, 162, 174, 192];11;5.1692652258
173;[5, 137, 138, 197];6;6.2364964712
170;[46, 91, 106];2;4.8508114947
