order;NL;kw;la
69;[116, 120, 129];2;4.8508114947
167;[29, 76, 77, 162, 174, 192];11;5.1692652258
173;[5, 137, 138, 197];6;6.2364964712
170;[46, 91, 106];2;4.8508114947
176;[1, 21, 71, 74, 79, 80, 102];13;4.6431721299
177;[4, 5, 19, 124];5;5.7671022266
178;[12, 77, 106, 107];6;6.2364964712
