order;NL;kw;la
69;[116, 120, 129];2;4.8508114947
167;[29, 76, 77, 162, 174, 192];11;5.1692652258
173;[5, 137, 138, 197];6;6.2364964712
170;[46, 91, 106];2;4.8508114947
179;[15, 31, 32, 37, 60, 63, 64, 113, 114];26;5.1131757592
180;[40, 41, 84, 91];6;6.2364964712
181;[8, 271, 272, 286, 300];7;5.0049621746
182;[4, 216, 225, 248];5;5.7671022266
