order;NL;kw;la
69;[116, 120, 129];2;4.8508114947
167;[29, 76, 77, 162, 174, 192];11;5.1692652258
173;[5, 137, 138, 197];6;6.2364964712
170;[46, 91, 106];2;4.8508114947
189;[13, 14, 55, 123, 134, 265];12;5.5439586753
195;[54, 55, 86, 87, 224];7;5.0049621746
196;[27, 40, 41, 75];6;6.2364964712
194;[8, 140, 144, 271, 272, 286, 300];9;3.8699822417
188;[15, 31, 32, 60, 63, 64, 113];12;4.4453463866
