order;NL;kw;la
69;[116, 120, 129];2;4.8508114947
173;[5, 137, 138, 197];6;6.2364964712
212;[30, 57, 205, 208, 301];10;6.2364964712
217;[15, 31, 32, 60, 63, 64, 106, 107, 113, 114];33;5.1692652258
218;[27, 40, 41, 46, 75, 91, 106];17;5.6045832971
219;[13, 14, 42, 55, 123, 134, 185, 244, 265, 276];21;4.0241329215
