order;NL;kw;la
69;[116, 120, 129];2;4.8508114947
173;[5, 137, 138, 197];6;6.2364964712
217;[15, 31, 32, 60, 63, 64, 106, 107, 113, 114];33;5.1692652258
220;[141, 143, 144, 165, 201, 264, 268, 271, 298, 304];23;4.2021160767
221;[125, 169, 187, 316];6;6.2364964712
222;[9, 132, 171, 280];6;6.2364964712
223;[8, 10, 132, 264];6;6.2364964712
