order;NL;kw;la
69;[116, 120, 129];2;4.8508114947
173;[5, 137, 138, 197];6;6.2364964712
221;[125, 169, 187, 316];6;6.2364964712
225;[12, 15, 27, 31, 32, 40, 41, 46, 60, 63, 64, 75, 106, 107, 113, 114, 116];39;3.2465149818
226;[3, 7, 46, 96];5;5.7671022266
