order;NL;kw;la
173;[5, 137, 138, 197];6;6.2364964712
227;[5, 215, 216, 221, 248];10;6.2364964712
240;[29, 56, 57, 76, 83, 126, 162, 174, 185, 276];30;4.8508114947
250;[71, 99, 183, 319];6;6.2364964712
252;[15, 16, 28, 60, 85];7;5.0049621746
253;[29, 30, 175, 205, 238];7;5.0049621746
255;[6, 27, 31, 32, 75, 84, 114, 115];15;4.2320412718
256;[6, 7, 93, 121, 126];8;5.5439586753
257;[11, 17, 19, 89, 294];7;5.0049621746
