order;NL;kw;la
252;[15, 16, 28, 60, 85];7;5.0049621746
261;[0, 21, 24, 73, 74, 101, 102, 108, 151, 152, 154, 166, 270, 278, 317, 322];43;3.575059008
262;[3, 116, 126, 129];6;6.2364964712
266;[34, 146, 147, 183, 243, 296];12;5.5439586753
269;[37, 60, 113, 120, 129];7;5.0049621746
273;[3, 7, 84, 96, 107];7;5.0049621746
275;[22, 23, 161, 282];5;5.7671022266
276;[4, 19, 229, 242];6;6.2364964712
277;[4, 5, 215, 216, 221];7;5.0049621746
