order;NL;kw;la
275;[22, 23, 161, 282];5;5.7671022266
276;[4, 19, 229, 242];6;6.2364964712
277;[4, 5, 215, 216, 221];7;5.0049621746
278;[88, 111, 112, 133, 196];9;6.2364964712
279;[8, 10, 234, 302];6;6.2364964712
280;[11, 17, 112, 221, 248];7;5.0049621746
