order;NL;kw;la
277;[4, 5, 215, 216, 221];7;5.0049621746
280;[11, 17, 112, 221, 248];7;5.0049621746
281;[8, 132, 141, 171, 204, 257, 286, 315];22;5.4569472983
282;[4, 19, 88, 111, 112, 133, 196, 229, 242];12;3.4645171336
