order;NL;kw;la
8;[50, 51, 94, 157, 269];10;6.2364964712
50;[2, 31, 35, 37, 120];8;5.5439586753
61;[6, 96, 106, 107];6;6.2364964712
69;[3, 93, 116, 120, 129];10;6.2364964712
70;[15, 16, 60, 63, 64, 69, 113, 114, 115, 116];26;4.471321873
72;[7, 28, 31, 41, 46, 47, 85, 90, 100, 114];11;2.6432176972
75;[27, 28, 40, 75, 84, 90, 91];7;2.0916526769
76;[20, 21, 26, 108];6;6.2364964712
77;[0, 1, 21, 278, 317];7;5.0049621746
78;[4, 5, 104, 215, 216];7;5.0049621746
