order;NL;kw;la
76;[20, 21, 26, 108];6;6.2364964712
69;[116, 120, 129];2;4.8508114947
95;[6, 7, 36, 65];6;6.2364964712
99;[6, 27, 28, 40, 75, 84, 90, 91, 96, 106, 107];21;3.4174102464
100;[15, 16, 28, 35, 36, 60, 63, 64, 100, 113, 115, 126];39;4.5024534672
